gloss,index
1DOLLAR,0
5DOLLARS,1
8HOUR,2
9OCLOCK,3
A-LINEBOB,4
ABBREVIATE,5
ABOUT1,6
ABOUT2,7
ABOVE,8
ABSOLUTELYNOTHING,9
ACCENT,10
ACCEPT,11
ACCESS,12
ACCIDENT,13
ACCOMPLISH,14
ACCORDION,15
ACCOUNTANT,16
ACQUIRE,17
ACT,18
ACTION,19
ACTOR,20
ADD,21
ADDICT,22
ADDRESS,23
ADMIRE,24
ADMIT,25
ADOPT,26
ADULT,27
ADVANTAGE,28
ADVERTISE,29
AFRICA,30
AFTER,31
AFTERNOON,32
AGAIN,33
AGAINST,34
AGE,35
AGENCY,36
AGREEMENT,37
AIRPLANE,38
ALARM,39
ALASKA,40
ALCOHOL,41
ALIGN,42
ALITTLEBIT,43
ALL,44
ALLDAY,45
ALLGONE,46
ALLOFSUDDEN,47
ALLOVER,48
ALLOVERBODY,49
ALLTOGETHER,50
ALLWAY,51
ALONE,52
ALPHABET,53
ALRIGHT,54
ALWAYS,55
AMAZING,56
AMERICA,57
ANALYZE,58
AND,59
ANGEL,60
ANGRY,61
ANIMAL,62
ANNOUNCE,63
ANSWER,64
ANTLERS,65
ANY,66
ANYONE,67
APART,68
APPEAR,69
APPLE,70
APPOINTMENT,71
APRIL,72
ARCHEOLOGY,73
AREA,74
ARGUE,75
ARIZONA,76
ARM1,77
ARM2,78
ARM3,79
ARMY,80
ARREST1,81
ARREST2,82
ARREST3,83
ARRIVE,84
ART,85
ARTICLE,86
ARTICULATESIGN,87
ASIA,88
ASK,89
ASSEMBLY,90
ASSIGN,91
ASSIST,92
ASSISTANT,93
ASTRONAUT,94
AT,95
ATHLETE,96
ATLANTA,97
ATTENTION,98
ATTITUDE,99
AUDIENCE,100
AUDITORIUM,101
AUNT,102
AUSTRALIA,103
AUTISM1,104
AUTISM2,105
AUTOMATIC,106
AVERAGE,107
AVOID,108
AWAKE,109
AWARD,110
AWAY,111
AWKWARD,112
AXE1,113
AXE2,114
BABY1,115
BABY2,116
BABYSITTER,117
BACHELOR,118
BACK,119
BACKOUT,120
BACKPACK1,121
BACKPACK2,122
BACKUP,123
BACKYARD,124
BACON,125
BAD,126
BADGE,127
BAG1,128
BAG2,129
BAKE1,130
BAKE2,131
BALANCE,132
BALD,133
BALL,134
BALLOON,135
BANANA1,136
BANANA2,137
BANANA3,138
BANANA4,139
BANDAGE,140
BANDAID1,141
BANDAID2,142
BANK,143
BAR,144
BARELY,145
BARK1,146
BARK2,147
BARK3,148
BARRETTE,149
BASEBALL,150
BASEBALLCAP,151
BASEMENT,152
BASIC,153
BASKET1,154
BASKET2,155
BASKETBALL1,156
BASKETBALL2,157
BASKETBALL3,158
BAT1,159
BAT2,160
BAT3,161
BATH,162
BATHROOM,163
BATHTUB,164
BATTERY,165
BEACH,166
BEAK,167
BEANIE,168
BEANS,169
BEAR,170
BEARD,171
BEAT,172
BEAVER,173
BECAUSE,174
BECOME,175
BED1,176
BED2,177
BEDROOM,178
BEE1,179
BEE2,180
BEER,181
BEFORE,182
BEG,183
BEHAVIOR,184
BEHIND,185
BELIEVE1,186
BELIEVE2,187
BELL,188
BELT1,189
BELT2,190
BEND,191
BENEFIT,192
BERRY,193
BEST,194
BET,195
BETTER,196
BETWEEN,197
BIB,198
BICYCLE,199
BIG,200
BIND,201
BINOCULARS,202
BIOLOGY,203
BIRD,204
BIRTH,205
BIRTHDAY,206
BISON,207
BITCH,208
BITE1,209
BITE2,210
BITEONARM,211
BITEONNECK,212
BLACK,213
BLACKBIRD,214
BLAME,215
BLANK,216
BLANKET,217
BLEED,218
BLESS,219
BLIND,220
BLINDS1,221
BLINDS2,222
BLINK,223
BLOND,224
BLOOD,225
BLOOM,226
BLOUSE,227
BLOW,228
BLOWCANDLE1,229
BLOWCANDLE2,230
BLOWMIND,231
BLUE,232
BLUR,233
BLUSH,234
BOARD,235
BOAT,236
BODY,237
BOIL1,238
BOIL2,239
BOILINGMAD,240
BOLT,241
BOMB,242
BONE,243
BOOK,244
BOOTS1,245
BOOTS2,246
BORED1,247
BORED2,248
BORROW,249
BOSS,250
BOSTON,251
BOTH,252
BOTHER,253
BOTTLE,254
BOTTOM,255
BOUNCE,256
BOW1,257
BOW2,258
BOW3,259
BOW4,260
BOWL,261
BOWLING1,262
BOWLING2,263
BOWTIE,264
BOX,265
BOXING,266
BOY,267
BOYFRIEND,268
BRA1,269
BRA2,270
BRA3,271
BRACELET,272
BRAG,273
BRAIDS,274
BRAILLE,275
BRAINSTORM,276
BRAINWASH,277
BRAVE,278
BREAD,279
BREAK,280
BREAKDOWN1,281
BREAKDOWN2,282
BREAKFAST1,283
BREAKFAST2,284
BREAKTIME,285
BREATHE,286
BRICK,287
BRIDESMAID,288
BRIDGE1,289
BRIDGE2,290
BRIGHT,291
BRING,292
BROTHER,293
BROWN,294
BRUSH,295
BUBBLES,296
BUCKLE1,297
BUCKLE2,298
BUDGET,299
BUFFALO,300
BUG,301
BUILDING,302
BULL,303
BULLDOZER,304
BULLSHIT,305
BUMPY,306
BUN,307
BURN,308
BURP,309
BURY1,310
BURY2,311
BURY3,312
BURY4,313
BUS,314
BUSINESS,315
BUSTED,316
BUSY,317
BUT,318
BUTTER,319
BUTTERFLY,320
BUTTONS,321
BUY,322
BYE,323
CABINET,324
CAFETERIA,325
CAKE,326
CALCULATOR,327
CALENDAR1,328
CALENDAR2,329
CALIFORNIA,330
CALL1,331
CALL2,332
CALLATTENTION,333
CALLTTY,334
CALM,335
CAMCORDER,336
CAMEL,337
CAMERA,338
CAMERAMAN,339
CAMPING,340
CAN1,341
CAN2,342
CANADA,343
CANCEL1,344
CANCEL2,345
CANCELLATION,346
CANCER1,347
CANCER2,348
CANDLE,349
CANDY1,350
CANDY2,351
CANNON,352
CANNOT,353
CANOE,354
CAPE,355
CAPTION,356
CAPTURE,357
CAR,358
CARACCIDENT,359
CARBATTERY,360
CARDS,361
CAREFUL,362
CAROUSEL,363
CARROT1,364
CARROT2,365
CARROT3,366
CARRY,367
CARVE,368
CASTLE1,369
CASTLE2,370
CASTLE3,371
CASTLE4,372
CASUAL,373
CAT1,374
CAT2,375
CAT3,376
CATAPULT,377
CATCH1,378
CATCH2,379
CATCH3,380
CATCHBASEBALL,381
CATEGORY,382
CATEPILLAR,383
CATHOLIC,384
CAUGHT,385
CAUSE,386
CEILING,387
CELEBRATE,388
CELERY,389
CELLPHONE,390
CEMETERY,391
CENTER,392
CEREAL,393
CERTIFICATE,394
CHAIN,395
CHAIR,396
CHALLENGE,397
CHAMP,398
CHAMPION,399
CHANCE,400
CHANGE,401
CHANNEL,402
CHAOS,403
CHARACTER,404
CHARGE,405
CHARGECARD,406
CHASE,407
CHAT,408
CHEAP,409
CHEAT1,410
CHEAT2,411
CHECK,412
CHEEK,413
CHEER,414
CHEERLEADER1,415
CHEERLEADER2,416
CHEESE,417
CHEESEGRATER,418
CHERISH,419
CHERRY1,420
CHERRY2,421
CHEW1,422
CHEW2,423
CHEW2MOUTH,424
CHEW3,425
CHEW4,426
CHICAGO,427
CHILD,428
CHILDREN,429
CHIMNEY,430
CHIN,431
CHINA,432
CHOCOLATE,433
CHOKE,434
CHOP,435
CHOPSTICKS,436
CHRISTMAS1,437
CHRISTMAS2,438
CHURCH,439
CHURN,440
CIGAR,441
CIGARETTE,442
CIRCLE,443
CIRCUSWHEEL,444
CITY1,445
CITY2,446
CLAP,447
CLASH,448
CLASS,449
CLAUSE,450
CLAW,451
CLEAN,452
CLEAR,453
CLEFTCHIN,454
CLICK,455
CLIENT,456
CLIMBLADDER,457
CLIP,458
CLOCK1,459
CLOCK2,460
CLOSE,461
CLOSEDOOR,462
CLOSEEYES,463
CLOSET1,464
CLOSET2,465
CLOTHES,466
CLOUD1,467
CLOUD2,468
CLOUD3,469
CLOUD4,470
CLOWN,471
CLUELESS,472
COACH,473
COCACOLA,474
COCAINE,475
COCONUT,476
COFFEE,477
COINS,478
COLD,479
COLLEGE,480
COLOR,481
COMB1,482
COMB2,483
COME,484
COMEHERE,485
COMEOUT,486
COMFORTABLE,487
COMMENT,488
COMMITTEE,489
COMMUNICATION,490
COMMUNITY,491
COMMUTE,492
COMPASS,493
COMPLAIN,494
COMPLEX,495
COMPUTER,496
COMPUTERMOUSE,497
CONCEPT,498
CONCERNED,499
CONDUCT1,500
CONDUCT2,501
CONDUCT3,502
CONFIDENT,503
CONFIDENTIAL,504
CONFLICT,505
CONFUSED1,506
CONFUSED2,507
CONGRATULATIONS,508
CONNECTION,509
CONSUME,510
CONTACT,511
CONTACTLENS,512
CONTINUE,513
CONVINCE1,514
CONVINCE2,515
COOK,516
COOKIE,517
COOL1,518
COOL2,519
COOL3,520
COOL4,521
COOPERATE,522
COPY,523
CORKSCREW1,524
CORKSCREW2,525
CORN1,526
CORN2,527
CORN3,528
CORNER,529
COST,530
COUCH,531
COUGH,532
COUNSELOR,533
COUNT,534
COUNTRY,535
COUSIN,536
COVERUP,537
COW,538
COWBOY,539
CRACK,540
CRACKER1,541
CRACKER2,542
CRANKY,543
CRASH,544
CRASHPLANE,545
CRAWL1,546
CRAWL2,547
CRAZY,548
CREAM1,549
CREAM2,550
CREATE,551
CREDITCARD,552
CREWCUT,553
CROCODILE,554
CROSS1,555
CROSS2,556
CROSS3,557
CROSSHEART,558
CROWN,559
CRUMPLE,560
CRY1,561
CRY2,562
CRY3,563
CRY4,564
CULTURE,565
CUP,566
CURIOUS,567
CURL1,568
CURL2,569
CURLYHAIR,570
CURTAIN,571
CURTSEY1,572
CURTSEY2,573
CUT,574
CUTE1,575
CUTE2,576
CUTREMOVEVID,577
DAMN,578
DANCE,579
DANCER,580
DANGER,581
DARK1,582
DARK2,583
DART,584
DATE,585
DAUGHTER,586
DAY,587
DEAF1,588
DEAF2,589
DEAFSCHOOL,590
DEALCARDS,591
DEATH,592
DECIDE1,593
DECIDE2,594
DECLINE,595
DECORATE1,596
DECORATE2,597
DEDICATE1,598
DEDICATE2,599
DEEP,600
DEER,601
DEFEAT,602
DEFLATE,603
DEGREE,604
DELEGATE,605
DELIBERATE,606
DELICIOUS,607
DELINQUENT,608
DEMAND1,609
DEMAND2,610
DEMOTE,611
DENT,612
DENTIST1,613
DENTIST2,614
DENY,615
DEODORANT,616
DEPARTMENT,617
DEPENDON,618
DEPRESS,619
DEPTH,620
DESERT,621
DESIGN,622
DESSERT,623
DESTROY,624
DEVELOP1,625
DEVELOP2,626
DEVIL,627
DEVOUR,628
DIAMOND,629
DIAPER,630
DICE,631
DICTIONARY,632
DIE,633
DIFFERENT,634
DIFFERENTSITUATION,635
DIG,636
DIGUP,637
DILEMMA,638
DININGROOM,639
DINNER1,640
DINNER2,641
DINOSAUR1,642
DINOSAUR2,643
DIP1,644
DIP2,645
DIP3,646
DIRECTOR,647
DIRTY,648
DISAGREEMENT,649
DISAPPEAR,650
DISAPPOINT,651
DISCONNECT,652
DISCUSS,653
DISLIKE,654
DISNEY,655
DISPATCH,656
DISRUPT,657
DISSECT,658
DISSOLVE,659
DISTRACTED,660
DIVE,661
DIVIDE,662
DIVORCE,663
DIZZY,664
DOCTOR1,665
DOCTOR2,666
DOCUMENT,667
DODO,668
DOESNTMATTER,669
DOG1,670
DOG2,671
DOG3,672
DOG4,673
DOLL,674
DOLPHIN1,675
DOLPHIN2,676
DOLPHIN3,677
DOMINANT,678
DONKEY,679
DONTCARE,680
DONTFEELLIKE,681
DONTKNOW,682
DONTLIKE,683
DONTMIND,684
DONTNEED,685
DONTWANT,686
DONUT,687
DOOR,688
DORMITORY,689
DOUBLE,690
DOUBT,691
DOWN,692
DOWNHILL,693
DOWNLOAD,694
DOWNSIZE1,695
DOWNSIZE2,696
DRAG1,697
DRAG2,698
DRAGON,699
DRAW,700
DRAWER,701
DREADLOCKS,702
DREAM,703
DRESS,704
DRESSER,705
DRESSUP,706
DRIBBLE,707
DRILL,708
DRINK1,709
DRINK2,710
DRIP,711
DRIVE,712
DROP,713
DROWN1,714
DROWN2,715
DROWN3,716
DROWN4,717
DROWN5,718
DRUG,719
DRUM,720
DRUNK,721
DRY,722
DRYER,723
DUCK1,724
DUCK2,725
DUE,726
DUMB,727
DUTY,728
DYE,729
EACH,730
EACHOTHER,731
EAGLE1,732
EAGLE2,733
EAR,734
EARLY,735
EARMUFFS,736
EARN,737
EARRING,738
EARSUP,739
EARTH,740
EARTHQUAKE,741
EASEL,742
EAST,743
EASTER,744
EASY,745
EASYTODO,746
EAT1,747
EAT2,748
ECLIPSE,749
EDGE,750
EDIT1,751
EDIT2,752
EFFECT,753
EGG,754
EGGBEATER,755
EGO,756
EGYPT,757
EIGHT,758
EITHER,759
ELECTRICIAN,760
ELECTROCUTE,761
ELEGANCE,762
ELEMENTARYSCHOOL,763
ELEPHANT,764
ELEVATOR1,765
ELEVATOR2,766
ELEVATOR3,767
ELEVEN,768
EMAIL,769
EMBARRASS,770
EMOTION,771
EMPEROR,772
EMPHASIS,773
EMPTY1,774
EMPTY2,775
END,776
ENEMY,777
ENERGY,778
ENGAGEMENT,779
ENGINEER,780
ENGINESTART,781
ENGLISH,782
ENJOY,783
ENOUGH,784
ENTER,785
ENVELOPE1,786
ENVELOPE2,787
ENVELOPE3,788
ENVELOPE4,789
ENVELOPE5,790
ENVIRONMENT,791
EQUAL,792
ERASE1,793
ERASE2,794
ERASE3,795
ERASE4,796
ERASE5,797
ERASER,798
ERUPT1,799
ERUPT2,800
ESCALATE,801
ESCALATOR,802
ESCAPE,803
EUROPE,804
EVALUATE,805
EVEN,806
EVENT,807
EVERYDAY,808
EVERYNIGHT,809
EVERYTHING,810
EVERYYEAR,811
EVIDENCE,812
EXAMPLE,813
EXCITED,814
EXCUSE,815
EXERCISE,816
EXPECT,817
EXPENSIVE,818
EXPERIENCE,819
EXPERIENCED,820
EXPERIMENT,821
EXPERT,822
EXPLANATION,823
EXPLODE,824
EXPRESS,825
EYEGLASSES,826
EYES,827
EYESAWAKE,828
EYETURN,829
FACE,830
FACULTY,831
FADE,832
FAIL,833
FAINT,834
FAIR,835
FAKE,836
FALL1,837
FALL2,838
FALLINGASLEEP,839
FAMILY,840
FAMOUS,841
FAN,842
FANTASY,843
FAR,844
FARM,845
FASCINATED,846
FASHION,847
FAST,848
FAT,849
FATHER,850
FAUCET,851
FAULT,852
FAVORITE,853
FEBRUARY,854
FEDUP,855
FEED1,856
FEED2,857
FEEDBACK,858
FEEL,859
FENCE1,860
FENCE2,861
FENCING,862
FEW,863
FIANCE,864
FIFTH,865
FIGHT,866
FIGURE,867
FILE1,868
FILE2,869
FILE3,870
FILLOUT,871
FILM,872
FILTER,873
FINALLY,874
FINANCE,875
FIND,876
FINE1,877
FINE2,878
FINGER,879
FINGERSCROSSED,880
FINGERSPELL,881
FINGERSPELLING,882
FINISH,883
FINS,884
FIRE,885
FIRED,886
FIREMAN1,887
FIREMAN2,888
FIRETRUCK,889
FIRST,890
FISH,891
FISHING1,892
FISHING2,893
FIT,894
FIX,895
FLAG1,896
FLAG2,897
FLASHLIGHT1,898
FLASHLIGHT2,899
FLASHLIGHT3,900
FLASHLIGHT4,901
FLIP,902
FLIPFLOPS,903
FLIPSWITCH,904
FLOAT1,905
FLOAT2,906
FLOAT3,907
FLOOR,908
FLOWER,909
FLUTE,910
FLY,911
FOCUS,912
FOLD1,913
FOLD2,914
FOLLOW1,915
FOLLOW2,916
FOLLOW3,917
FOLLOW4,918
FOND,919
FOOL,920
FOOTBALL,921
FOR,922
FORBID,923
FOREIGNER1,924
FOREIGNER2,925
FOREST,926
FOREVER1,927
FOREVER2,928
FORFEIT,929
FORGETFUL,930
FORK1,931
FORK2,932
FORK3,933
FORK4,934
FORM,935
FORMER,936
FOUL,937
FOUR,938
FOURTH,939
FOX,940
FRACTION,941
FRAME,942
FRANCE,943
FRAUD,944
FREAKOUT,945
FRECKLES,946
FREE,947
FREEDOM,948
FREEWAY,949
FREEZE,950
FRENCH,951
FRENCHFRIES,952
FRIDAY,953
FRIEND,954
FRIENDLY,955
FRIENDSNOMORE1,956
FRINGE,957
FRISK,958
FROG,959
FROM,960
FROMTHENON,961
FRONT,962
FROWN1,963
FROWN2,964
FRUIT,965
FRUSTRATE,966
FRY,967
FULL,968
FUN,969
FUNCTION,970
FUNNY,971
FURNITURE,972
FUTURE,973
FUZZY,974
GALLAUDET,975
GAMBLE,976
GAME,977
GARAGE,978
GARLIC,979
GAS,980
GATE,981
GATECLOSE,982
GAY,983
GENERATION,984
GERMANY,985
GESTURE,986
GET,987
GETINBED,988
GETINFORMATIONOUTOF,989
GETOFF,990
GETTHROUGH,991
GETTOGETHER,992
GHOST,993
GIFT,994
GIRAFFE,995
GIRL,996
GIVE,997
GIVEUP,998
GLASS1,999
GLASS2,1000
GLASS3,1001
GLASSES,1002
GLOVE,1003
GLOVES1,1004
GLOVES2,1005
GLOVES3,1006
GLOVES4,1007
GLOW,1008
GLUE1,1009
GLUE2,1010
GO,1011
GOAHEAD,1012
GOAL,1013
GOAT,1014
GOATEE,1015
GOBACKANDFORTH,1016
GOD,1017
GOINGTHROUGHAHARDTIME,1018
GOLD,1019
GOLF,1020
GONE,1021
GOOD,1022
GOODYGOODY,1023
GOODYGOODYSHOEOPPOSITE,1024
GOOSEBUMPS,1025
GORILLA,1026
GOSSIP,1027
GOTCHA,1028
GOTHROUGH,1029
GOTOJAIL,1030
GOVERNMENT,1031
GRAB,1032
GRADE,1033
GRADUATE,1034
GRADUATESCHOOL,1035
GRAMMAR,1036
GRANDFATHER,1037
GRANDMOTHER,1038
GRANDPARENTS,1039
GRAPES1,1040
GRAPES2,1041
GRASP,1042
GRASS,1043
GRAY,1044
GREAT,1045
GREECE,1046
GREEN,1047
GREENBEANS,1048
GREET1,1049
GREET2,1050
GRENADE,1051
GRIEVE,1052
GRIND,1053
GROUP,1054
GROW,1055
GROWUP,1056
GUESS1,1057
GUESS2,1058
GUIDE,1059
GUILLOTINE1,1060
GUILLOTINE2,1061
GUILTY,1062
GUITAR,1063
GULLIBLE,1064
GUM,1065
GUN1,1066
GUN2,1067
GUN3,1068
GYM,1069
HABIT,1070
HADENOUGH,1071
HAHA,1072
HAIR1,1073
HAIR2,1074
HAIRCLIPPER,1075
HAIRCUT,1076
HAIRDRESSER,1077
HAIRDRYER1,1078
HAIRDRYER2,1079
HAIRDRYER3,1080
HALF,1081
HALFHOUR,1082
HALL,1083
HALLOWEEN1,1084
HALLOWEEN2,1085
HAMBURGER,1086
HAMMER,1087
HAMSTER,1088
HANDCUFFS,1089
HANDS,1090
HANDSOAP,1091
HANDSOFF,1092
HANDSOME1,1093
HANDSOME2,1094
HANDSOME3,1095
HANDSOME4,1096
HANG,1097
HANGCLOTHES,1098
HANUKKAH,1099
HAPPEN,1100
HAPPY,1101
HARD,1102
HARDOFHEARING,1103
HARMONICA,1104
HARP,1105
HAT1,1106
HAT2,1107
HATBRIM,1108
HATCH1,1109
HATCH2,1110
HATE,1111
HAVE,1112
HAWAII,1113
HE,1114
HEAD,1115
HEADACHE,1116
HEADBACK,1117
HEADCOLD,1118
HEADGRIND,1119
HEADPHONES,1120
HEALTH,1121
HEAP,1122
HEAR1,1123
HEAR2,1124
HEARING,1125
HEARINGAID,1126
HEART,1127
HEARTBODY,1128
HEARTTOUCH,1129
HEAVEN,1130
HEAVY,1131
HELICOPTER1,1132
HELICOPTER2,1133
HELICOPTER3,1134
HELL,1135
HELLO,1136
HELMET1,1137
HELMET2,1138
HELP,1139
HEN,1140
HERE,1141
HIDE,1142
HIGH,1143
HIGHHEELS,1144
HIGHLIGHTER,1145
HIGHSCHOOL,1146
HINGE,1147
HIPPO1,1148
HIPPO2,1149
HIS,1150
HISTORY,1151
HIT1,1152
HIT2,1153
HITCHHIKE,1154
HOCKEY,1155
HOE,1156
HOLD1,1157
HOLD2,1158
HOLDACCOUNTABLE,1159
HOLDHANDS,1160
HOLDTOGETHER,1161
HOLIDAY,1162
HOLY,1163
HOME,1164
HOMEWORK,1165
HONEST,1166
HONEY1,1167
HONEY2,1168
HONGKONG,1169
HONK,1170
HONOR,1171
HOOD,1172
HOODIE1,1173
HOODIE2,1174
HOP,1175
HOPE,1176
HORRIBLE,1177
HORSE,1178
HOSE,1179
HOSPITAL1,1180
HOSPITAL2,1181
HOT,1182
HOTCOMPETITION,1183
HOTDOG,1184
HOTEL,1185
HOUR,1186
HOUSE,1187
HOW1,1188
HOW2,1189
HOWL,1190
HUG,1191
HUMBLE,1192
HUMMINGBIRD,1193
HUMOR,1194
HUNDRED,1195
HUNGRY,1196
HUNT,1197
HURDLE/TRIP1,1198
HURDLE/TRIP2,1199
HURRICANE,1200
HURRY,1201
HURT,1202
HUSBAND,1203
HYPOCRITE,1204
ICE,1205
ICECREAM,1206
IDEA,1207
IDENTITY,1208
IF,1209
IGNORE,1210
ILOVEYOU,1211
IMAGINE1,1212
IMAGINE2,1213
IMMATURE,1214
IMMERSE,1215
IMPACT,1216
IMPORTANT,1217
IMPOSSIBLE,1218
IMPRESS,1219
IMPROVE,1220
IN,1221
INCH,1222
INCREDIBLE,1223
INDEPENDENT,1224
INDIAN,1225
INEPT,1226
INFECTION,1227
INFLUENCE,1228
INHALE,1229
INJECT,1230
INNOCENT,1231
INSIDE,1232
INSPIRE,1233
INSPIRING,1234
INSTAGRAM,1235
INSTEAD,1236
INSTINCT,1237
INSTITUTE,1238
INSULT,1239
INSURANCE,1240
INTELLIGENT,1241
INTENTIONAL,1242
INTEREST,1243
INTERESTED,1244
INTERNET,1245
INTERPRET,1246
INTERPRETER,1247
INTERVENE,1248
INTERVIEW,1249
INTRODUCE,1250
INTUITIVE,1251
INVEST,1252
INVISIBLE,1253
INVITE,1254
IPHONE,1255
IRON1,1256
IRON2,1257
IRON3,1258
ISLAND,1259
ISOLATED,1260
ISRAEL,1261
ITALY,1262
ITCH,1263
JACKET1,1264
JACKET2,1265
JACKET3,1266
JACKET4,1267
JAPAN,1268
JAR,1269
JAWDROP,1270
JEALOUS,1271
JELLY,1272
JELLYFISH,1273
JEWELRY,1274
JEWISH,1275
JIGSAWPUZZLE,1276
JOIN,1277
JOKE,1278
JOURNEY,1279
JUDGE,1280
JUGGLE,1281
JUGGLER,1282
JUICE1,1283
JUICE2,1284
JUMP,1285
JUMPROPE,1286
JUNIOR,1287
KANGAROO1,1288
KANGAROO2,1289
KANGAROO3,1290
KEEP,1291
KEY,1292
KEYBOARD,1293
KICK1,1294
KICK2,1295
KID,1296
KILL,1297
KINDERGARTEN,1298
KING,1299
KISS1,1300
KISS2,1301
KISS3,1302
KISSFIST,1303
KISSONCHEEK,1304
KITCHEN,1305
KITE1,1306
KITE2,1307
KITTEN,1308
KNEEL,1309
KNIFE1,1310
KNIFE2,1311
KNIGHT1,1312
KNIGHT2,1313
KNIGHT3,1314
KNIGHT4,1315
KNITTING1,1316
KNITTING2,1317
KNITTING3,1318
KNOCK,1319
KNOCKOFF,1320
KNOW,1321
KNOWNOTHING,1322
LABEL,1323
LAMP1,1324
LAMP2,1325
LAND,1326
LANGUAGE,1327
LAPTOP,1328
LAST,1329
LASTWEEK,1330
LATE,1331
LATER,1332
LAUGH,1333
LAW,1334
LAWNMOWER,1335
LAWYER,1336
LAYDOWN,1337
LAZY,1338
LEAD,1339
LEAF1,1340
LEAF2,1341
LEAGUE,1342
LEAK,1343
LEARN,1344
LEARNLESSON,1345
LEATHER,1346
LEAVE,1347
LEAVEALONE,1348
LECTURE,1349
LEFT,1350
LEMON1,1351
LEMON2,1352
LEND,1353
LESBIAN,1354
LESS,1355
LESSON,1356
LETGO,1357
LETKNOW,1358
LETMESEE,1359
LETTER1,1360
LETTER2,1361
LETTUCE1,1362
LETTUCE2,1363
LIBRARY,1364
LICENSE,1365
LICK1,1366
LICK2,1367
LICKENVELOPE1,1368
LICKENVELOPE2,1369
LIE,1370
LIFT1,1371
LIFT2,1372
LIGHT,1373
LIGHTCANDLE,1374
LIGHTER,1375
LIGHTNING,1376
LIGHTSON,1377
LIGHTWEIGHT,1378
LIKE,1379
LIMITED,1380
LINE,1381
LINGUISTICS,1382
LION,1383
LIPREAD,1384
LIPS,1385
LIPSTICK,1386
LIST,1387
LISTEN,1388
LIVE1,1389
LIVE2,1390
LIVINGROOM,1391
LOAD1,1392
LOAD2,1393
LOBSTER1,1394
LOBSTER2,1395
LOBSTER3,1396
LOCK1,1397
LOCK2,1398
LOCK3,1399
LOCKER,1400
LOLLIPOP,1401
LONELY,1402
LONG,1403
LONGAGO,1404
LONGLINE,1405
LONGTIME,1406
LONGWORD,1407
LOOKAPPEARANCE,1408
LOOKAT,1409
LOOKBACK,1410
LOOKFOR,1411
LOOKFORWARD,1412
LOOKLIKE,1413
LOSE,1414
LOSEGAME,1415
LOST,1416
LOUD,1417
LOUSY,1418
LOVE,1419
LOYAL,1420
LUCK,1421
LUCKY,1422
LUNCH1,1423
LUNCH2,1424
LUNGS,1425
MACHINE,1426
MAD,1427
MAGAZINE,1428
MAGIC,1429
MAGNET1,1430
MAGNET2,1431
MAGNET3,1432
MAGNET4,1433
MAGNIFY1,1434
MAGNIFY2,1435
MAID,1436
MAIL1,1437
MAIL2,1438
MAILMAN,1439
MAINSTREAM,1440
MAJOR,1441
MAKE,1442
MAKEBELIEVE,1443
MAN,1444
MANAGE,1445
MANY,1446
MAPLE,1447
MARCH,1448
MARIONETTE,1449
MARRY,1450
MASCARA,1451
MASSAGE,1452
MATCH,1453
MATH,1454
MAYBE,1455
MCDONALDS,1456
ME,1457
MEACULPA,1458
MEAN1,1459
MEAN2,1460
MEASURE1,1461
MEASURE2,1462
MEAT1,1463
MEAT2,1464
MECHANIC1,1465
MECHANIC2,1466
MEDICINE,1467
MEDITATE1,1468
MEDITATE2,1469
MEDITATE3,1470
MEET,1471
MEETING,1472
MEGAPHONE,1473
MELON,1474
MELT,1475
MEMBER,1476
MEMORIZE,1477
MEMORIZEMEMORIZE,1478
MENTION,1479
MESS,1480
METAL,1481
METAPHOR,1482
MEXICAN1,1483
MEXICAN2,1484
MICROPHONE,1485
MICROSCOPE1,1486
MICROSCOPE2,1487
MICROSCOPE3,1488
MICROWAVE,1489
MIDDLE,1490
MILK1,1491
MILK2,1492
MIME,1493
MIND,1494
MINDTURNED,1495
MINE,1496
MINIMUM1,1497
MINIMUM2,1498
MINUTE,1499
MIRROR,1500
MISCHIEVOUS,1501
MISS,1502
MISSING,1503
MISUNDERSTAND,1504
MIX1,1505
MIX2,1506
MIX3,1507
MOCK,1508
MODEL1,1509
MODEL2,1510
MONDAY,1511
MONEY1,1512
MONEY2,1513
MONKEY,1514
MONSTER,1515
MONTH,1516
MOON,1517
MOOSE,1518
MOP1,1519
MOP2,1520
MORE,1521
MORNING,1522
MOSQUITO,1523
MOST,1524
MOTHER,1525
MOTIVATION1,1526
MOTIVATION2,1527
MOTORCYCLE,1528
MOUNTAIN1,1529
MOUNTAIN2,1530
MOUSE,1531
MOUTH,1532
MOVE,1533
MOVEDOWN,1534
MOVIE1,1535
MOVIE2,1536
MUCH,1537
MUMMY,1538
MURDER,1539
MUSCLE,1540
MUSEUM,1541
MUSHROOM,1542
MUSIC,1543
MUST,1544
MUSTACHE,1545
MY,1546
MYSELF,1547
NAIL,1548
NAILCLIPPER,1549
NAKED,1550
NAME,1551
NAPKIN,1552
NAVEL,1553
NAVY,1554
NEAR,1555
NECK,1556
NECKLACE1,1557
NECKLACE2,1558
NECKLACE3,1559
NECKLACE4,1560
NEED,1561
NEEDLE,1562
NEGATIVE,1563
NEPHEW,1564
NERVE,1565
NET,1566
NETWORK,1567
NEUTRAL,1568
NEVER,1569
NEW,1570
NEWSPAPER,1571
NEWSTOME,1572
NEWYORK,1573
NEXT,1574
NEXTDOWN,1575
NEXTTO,1576
NEXTYEAR,1577
NICE,1578
NIECE,1579
NIGHT1,1580
NIGHT2,1581
NINE,1582
NO,1583
NOBIGDEAL,1584
NOISE,1585
NONE,1586
NONSENSE,1587
NOON1,1588
NOON2,1589
NOOSE,1590
NORMAL,1591
NORTH,1592
NOSE,1593
NOSEBLEED,1594
NOT,1595
NOTATHING,1596
NOTCARE,1597
NOTHING1,1598
NOTHING2,1599
NOTHINGATALL,1600
NOTINTERESTED,1601
NOTMIND,1602
NOTUNDERSTAND,1603
NOTUSEDTO,1604
NOTYET,1605
NOW,1606
NUMBERS,1607
NURSE,1608
NUT1,1609
NUT2,1610
OBSESS,1611
OBVIOUS,1612
OCEAN,1613
OCTOPUS,1614
OFF,1615
OFFEND,1616
OFFHAND,1617
OFFICE,1618
OFFTHEPOINT,1619
OFTEN,1620
OHISEE,1621
OIL1,1622
OIL2,1623
OIL3,1624
OK,1625
OLD,1626
OLDEST,1627
ON,1628
ONCE,1629
ONE,1630
ONEMORE1,1631
ONEMORE2,1632
ONEYEARAGO,1633
ONION,1634
ONLYONE,1635
OOH,1636
OOPS,1637
OPEN,1638
OPENBOOK,1639
OPENWALLET,1640
OPERATEMACHINE,1641
OPINION1,1642
OPINION2,1643
OPPORTUNITY,1644
OPTION,1645
OR,1646
ORAL,1647
ORANGE,1648
ORANGEEYES,1649
ORANGETHROAT,1650
ORDER1,1651
ORDER2,1652
ORGANIZATION,1653
OSTRICH,1654
OTHER,1655
OUR,1656
OUT,1657
OUTSIDE,1658
OVER,1659
OVERLOOK,1660
OVERNIGHT,1661
OVERTAKE,1662
OVERWHELMED,1663
OWE,1664
OWL,1665
OWN,1666
PACK,1667
PAGE,1668
PAGEANT,1669
PAIN,1670
PAINT,1671
PAINTBRUSH,1672
PAIR,1673
PANCAKE,1674
PANTS1,1675
PANTS2,1676
PAPER,1677
PAPERCUTTER,1678
PARACHUTE1,1679
PARACHUTE2,1680
PARACHUTE3,1681
PARADE,1682
PARAGRAPH,1683
PARALLEL,1684
PARANOID,1685
PARENTS,1686
PARK,1687
PARTY1,1688
PARTY2,1689
PASS,1690
PASSOUT,1691
PASSPORT,1692
PAST,1693
PATIENT1,1694
PATIENT2,1695
PATIENT3,1696
PAY,1697
PAYOFFBILLS,1698
PEACE,1699
PEACH1,1700
PEACH2,1701
PEACOCK,1702
PEANUTBUTTER,1703
PEAR,1704
PEAS1,1705
PEAS2,1706
PECK,1707
PEEKABOO,1708
PEEL1,1709
PEEL2,1710
PEEL3,1711
PEG1,1712
PEG2,1713
PEG3,1714
PEN,1715
PENCIL,1716
PENGUIN,1717
PENIS,1718
PENNY,1719
PEOPLE,1720
PEPPER,1721
PEPSI,1722
PERCEIVE,1723
PERCENT,1724
PERFECT,1725
PERFUME1,1726
PERFUME2,1727
PERIOD,1728
PERMISSION,1729
PERSISTENT,1730
PERSON,1731
PERSPECTIVE,1732
PERSUADE,1733
PET1,1734
PET2,1735
PHARMACIST,1736
PHILADELPHIA,1737
PHILOSOPHY,1738
PHONE,1739
PHOTOGRAPHY,1740
PHYSICS,1741
PIANO,1742
PICK,1743
PICKLE,1744
PICNIC,1745
PICTURE,1746
PIE,1747
PIG,1748
PILE,1749
PILL,1750
PILLOW1,1751
PILLOW2,1752
PILLOW3,1753
PINCH1,1754
PINCH2,1755
PINEAPPLE1,1756
PINEAPPLE2,1757
PINEAPPLE3,1758
PINEAPPLE4,1759
PINEAPPLE5,1760
PINK,1761
PINON,1762
PIPE1,1763
PIPE2,1764
PIPE3,1765
PIPE4,1766
PIRATE,1767
PISSEDOFF,1768
PITCHER,1769
PITY,1770
PIZZA1,1771
PIZZA2,1772
PIZZACUTTER,1773
PJS,1774
PLACE,1775
PLAIN,1776
PLAN,1777
PLANET,1778
PLANT,1779
PLATE,1780
PLATFORM,1781
PLAY,1782
PLAYERS,1783
PLAYGROUND,1784
PLEASE,1785
PLENTY,1786
PLIERS,1787
PLOW1,1788
PLOW2,1789
PLUG1,1790
PLUG2,1791
PLUMMET,1792
PLUNGER,1793
PLUS,1794
POINT,1795
POINTINDEX,1796
POLE,1797
POLICEMAN1,1798
POLICEMAN2,1799
POLICY,1800
POLISH,1801
PONDER,1802
POOLGAME,1803
POOP,1804
POOR,1805
POP1,1806
POP2,1807
POP3,1808
POP4,1809
POPCORN,1810
POPE,1811
POPULAR,1812
PORCUPINE,1813
POSITIVE,1814
POSSIBLE,1815
POSSUM,1816
POSTPONE,1817
POTATO,1818
POUR1,1819
POUR2,1820
POWDER,1821
POWER,1822
PRACTICE,1823
PRAYER,1824
PREACHER,1825
PRECIOUS,1826
PREDICT,1827
PREFER,1828
PREGNANT,1829
PRESIDENT,1830
PRESS,1831
PRESSINMIND,1832
PRETEND,1833
PRETTY,1834
PRICE,1835
PRIDE,1836
PRIEST,1837
PRINCE,1838
PRINCIPAL,1839
PRINT,1840
PRIORITY,1841
PRISON,1842
PROBLEM1,1843
PROBLEM2,1844
PROCESS,1845
PRODUCESIGN,1846
PROFOUNDLYDEAF,1847
PROGRAM,1848
PROJECT,1849
PROMISE,1850
PROMOTE,1851
PROOF,1852
PROPELLER,1853
PROPOSE,1854
PROTECTION,1855
PROTEST,1856
PROVIDE,1857
PROXIMALIZATION,1858
PSYCHOLOGIST,1859
PSYCHOLOGY,1860
PUBLIC,1861
PULL,1862
PULLCONVINCE,1863
PUMPKIN,1864
PUNCHFACE,1865
PUNISH,1866
PURPLE,1867
PUSH,1868
PUT,1869
PUTASIDE,1870
PUTINBACKMIND,1871
PUZZLED,1872
QM,1873
QTIP,1874
QUALITY,1875
QUARTER,1876
QUEEN,1877
QUIET,1878
QUIT,1879
RABBIT1,1880
RABBIT2,1881
RACE,1882
RACECARTRACK,1883
RADIO,1884
RAIN,1885
RAINBOW,1886
RAISIN,1887
RAKE,1888
RANGE,1889
RAT,1890
RAZOR1,1891
RAZOR2,1892
REACH,1893
REACT,1894
READ,1895
READY,1896
REALLY,1897
REALLYINTO,1898
REALSICK,1899
REASON,1900
RECENT1,1901
RECENT2,1902
RECITE,1903
RECORD,1904
RECORDING,1905
RED,1906
REDFACED,1907
REDUCE,1908
REFLECT,1909
REFRIGERATOR,1910
REFUSE,1911
REGISTER,1912
REGULAR,1913
RELATIONSHIP,1914
RELAX1,1915
RELAX2,1916
RELEASE,1917
RELIEF,1918
RELIGION,1919
REMEMBER1,1920
REMEMBER2,1921
REMIND,1922
REMOTECONTROL,1923
REMOVE,1924
REPLACE,1925
REQUEST,1926
RESCUE,1927
RESEARCH1,1928
RESEARCH2,1929
RESENT,1930
RESIGN,1931
RESIST,1932
RESPECT,1933
RESPONSIBILITY,1934
REST,1935
RESTALLDAY,1936
RESTAURANT,1937
RESTLESS,1938
RESULT,1939
RETIRE,1940
RETRIEVE,1941
REVENGE,1942
RHINO1,1943
RHINO2,1944
RHINO3,1945
RIBBONAWARD,1946
RICH,1947
RIDE1,1948
RIDE2,1949
RIGHT1,1950
RIGHT2,1951
RIGHT3,1952
RING,1953
RISK,1954
RIVER1,1955
RIVER2,1956
ROAD,1957
ROAR1,1958
ROAR2,1959
ROAST,1960
ROB,1961
ROBOT,1962
ROCK,1963
ROCKET1,1964
ROCKET2,1965
ROCKINGCHAIR1,1966
ROCKINGCHAIR2,1967
ROLE,1968
ROLL,1969
ROLLERBLADING,1970
ROLLERSKATING,1971
ROLLUPSLEEVES,1972
ROOF,1973
ROOM,1974
ROOMMATE,1975
ROOSTER,1976
ROPE,1977
ROSE,1978
ROUGH,1979
ROW,1980
RUDE,1981
RUIN,1982
RULE,1983
RULER,1984
RUN1,1985
RUN2,1986
RUNFAUCET,1987
RUNOUTOF,1988
RUSH,1989
RUSSIA,1990
SAD,1991
SAFE,1992
SAIL1,1993
SAIL2,1994
SAILBOAT,1995
SALAD,1996
SALT,1997
SALTSHAKER,1998
SAME1,1999
SAME2,2000
SAMESAME,2001
SAMETIME,2002
SANDALS,2003
SANDWICH1,2004
SANDWICH2,2005
SANDWICH3,2006
SANDWICH4,2007
SANTA,2008
SARCASTIC,2009
SATURDAY,2010
SAUCE,2011
SAUSAGE,2012
SAVE,2013
SAVEMONEY,2014
SAW1,2015
SAW2,2016
SAXOPHONE,2017
SCAN,2018
SCARCELY,2019
SCARED,2020
SCARF1,2021
SCARF2,2022
SCARF3,2023
SCARF4,2024
SCARMEMORY,2025
SCHOOL,2026
SCIENCE,2027
SCIENTIST,2028
SCISSORS,2029
SCOLD,2030
SCOOP,2031
SCORE,2032
SCOUT,2033
SCRATCH,2034
SCREAM,2035
SCREWDRIVER1,2036
SCREWDRIVER2,2037
SCREWDRIVER3,2038
SCRIPT,2039
SCROLLDOWN,2040
SCRUB,2041
SCULPT,2042
SCULPTURE,2043
SEAL,2044
SECRET,2045
SECRETARY,2046
SEE,2047
SEEM,2048
SEESEE,2049
SELECT,2050
SELF,2051
SELL,2052
SENATE,2053
SEND,2054
SENIORCITIZEN,2055
SENSITIVE,2056
SENTENCE1,2057
SENTENCE2,2058
SEQUENCE,2059
SERIOUS,2060
SERVE1,2061
SERVE2,2062
SETUP,2063
SEVEN,2064
SEVERAL,2065
SEW,2066
SHAKE1,2067
SHAKE2,2068
SHAKESPEARE,2069
SHAME,2070
SHAMEONYOU,2071
SHAMPOO,2072
SHAPE,2073
SHARE,2074
SHARK1,2075
SHARK2,2076
SHARP1,2077
SHARP2,2078
SHARPEN1,2079
SHARPEN2,2080
SHARPEN3,2081
SHAVE1,2082
SHAVE2,2083
SHAVE3,2084
SHAVE4,2085
SHAVE5,2086
SHEEP,2087
SHELF,2088
SHIELD,2089
SHINY,2090
SHIRT1,2091
SHIRT2,2092
SHOCKED,2093
SHOES,2094
SHOOT1,2095
SHOOT2,2096
SHOOTING,2097
SHOP1,2098
SHOP2,2099
SHORTDISTANCE,2100
SHORTPERSON,2101
SHORTS,2102
SHORTWORD,2103
SHOT,2104
SHOULD,2105
SHOULDER1,2106
SHOULDER2,2107
SHOULDER3,2108
SHOUT1,2109
SHOUT2,2110
SHOVEL1,2111
SHOVEL2,2112
SHOW,2113
SHOWER,2114
SHRIMP,2115
SHUTOUT,2116
SHY,2117
SICK,2118
SIDE,2119
SIDEBURNS,2120
SIGN,2121
SIGNATURE,2122
SIGNINGFLUENTLY,2123
SIGNLANGUAGE,2124
SIGNPAPER,2125
SILLY,2126
SILVER,2127
SINCE,2128
SING,2129
SINGLE,2130
SINGLEOUT,2131
SINK,2132
SIREN,2133
SISTER,2134
SIT,2135
SITUATION,2136
SIX,2137
SKATE,2138
SKATEBOARDING1,2139
SKATEBOARDING2,2140
SKATEBOARDING3,2141
SKI,2142
SKI-CA,2143
SKILL,2144
SKIN,2145
SKIRT,2146
SKUNK,2147
SLAVE,2148
SLED1,2149
SLED2,2150
SLEEP,2151
SLICE1,2152
SLICE2,2153
SLICE3,2154
SLICE4,2155
SLIDE1,2156
SLIDE2,2157
SLINGSHOT,2158
SLIP1,2159
SLIP2,2160
SLIPPER,2161
SLOW,2162
SMALL,2163
SMART,2164
SMELL,2165
SMELLMONEY,2166
SMILE1,2167
SMILE2,2168
SMOKE,2169
SMOKING,2170
SMOOTH,2171
SNAIL,2172
SNAKE,2173
SNAP,2174
SNAPSTICK,2175
SNEAKADVENTURE,2176
SNEEZE1,2177
SNEEZE2,2178
SNOB,2179
SNORKEL,2180
SNOW1,2181
SNOW2,2182
SNOWBOARD,2183
SNOWMAN,2184
SNOWSUIT,2185
SO,2186
SOAP1,2187
SOAP2,2188
SOCCER1,2189
SOCCER2,2190
SOCIAL,2191
SOCIALIZE,2192
SOCIETY,2193
SOCKS,2194
SODA,2195
SOFA,2196
SOFT,2197
SOFTBALL,2198
SOME,2199
SOMERSAULT1,2200
SOMERSAULT2,2201
SOMERSAULT3,2202
SOMETHING,2203
SOMETIMES,2204
SON,2205
SOON1,2206
SOON2,2207
SOPHISTICATED,2208
SOPHOMORE,2209
SORRY,2210
SOUND,2211
SOUP,2212
SOUR,2213
SOUTH,2214
SOW,2215
SPACE,2216
SPACESHIP,2217
SPAGHETTI,2218
SPAIN,2219
SPEAKERS,2220
SPECIAL1,2221
SPECIAL2,2222
SPECIALIST,2223
SPECIFIC,2224
SPEND,2225
SPENDLOTSOFMONEY,2226
SPICY,2227
SPIDER,2228
SPILL1,2229
SPILL2,2230
SPITOUT,2231
SPLASH-CA,2232
SPONTANEOUS,2233
SPOON,2234
SPORTS,2235
SPOTSOMETHING,2236
SPREAD1,2237
SPREAD2,2238
SPREAD3,2239
SPRING,2240
SQUARE,2241
SQUAREIDIOT,2242
SQUEEZE,2243
SQUIRREL,2244
SSHH,2245
STACK1,2246
STACK2,2247
STACK3,2248
STACK4,2249
STADIUM,2250
STAFF,2251
STAIRS,2252
STAMP1,2253
STAMP2,2254
STAMP3,2255
STAND-UP,2256
STAND1,2257
STAND2,2258
STAPLER,2259
STAR,2260
STARBUCKS,2261
STARE,2262
STARS,2263
START,2264
STATE,2265
STAY,2266
STAYAWAKE24HRS,2267
STEAK,2268
STEAL,2269
STEAM,2270
STEP,2271
STETHOSCOPE1,2272
STETHOSCOPE2,2273
STETHOSCOPE3,2274
STETHOSCOPE4,2275
STICKY,2276
STILL,2277
STIMULATE,2278
STING,2279
STINK,2280
STIR,2281
STOCKINGS,2282
STOMACH,2283
STOP,2284
STOPWATCH,2285
STORY1,2286
STORY2,2287
STORY3,2288
STRAIGHT,2289
STRAIN1,2290
STRAIN2,2291
STRANGE,2292
STRANGLE,2293
STRAW,2294
STRAWBERRY1,2295
STRAWBERRY2,2296
STRAWBERRY3,2297
STRAWBERRY4,2298
STREET,2299
STRESS,2300
STRETCH-CA,2301
STRETCH1,2302
STRETCH2,2303
STRICT,2304
STRING,2305
STRIPE,2306
STRONG,2307
STRUCTURE,2308
STRUGGLE,2309
STUBBORN,2310
STUCK,2311
STUDENT,2312
STUDY,2313
STUMBLE,2314
STUPID1,2315
STUPID2,2316
SUBTRACT,2317
SUCK,2318
SUCKTHUMB,2319
SUIT,2320
SUMMARIZE,2321
SUMMER,2322
SUMMON,2323
SUN,2324
SUNBATHE1,2325
SUNBATHE2,2326
SUNDAY,2327
SUNRISE,2328
SUNSET,2329
SUPERIOR,2330
SUPERVISE,2331
SUPERVISOR,2332
SUPPORT1,2333
SUPPORT2,2334
SURE,2335
SURF,2336
SURGEON,2337
SURGERY,2338
SURPRISE,2339
SUSHI,2340
SUSPECT,2341
SUSPEND,2342
SUSPENDERS1,2343
SUSPENDERS2,2344
SWALLOW,2345
SWEARIN,2346
SWEAT,2347
SWEATER1,2348
SWEATER2,2349
SWEATER3,2350
SWEATPANTS,2351
SWEATSHIRT,2352
SWEEP,2353
SWEET,2354
SWEETHEART,2355
SWIM1,2356
SWIM2,2357
SWING1,2358
SWING2,2359
SWITZERLAND,2360
SWORD,2361
SYMPATHY,2362
SYSTEM,2363
TABLE,2364
TABLET,2365
TAIL1,2366
TAIL2,2367
TAKE,2368
TAKECARE,2369
TAKENOTES,2370
TAKEOFF1,2371
TAKEOFF2,2372
TAKEPILL,2373
TALK1,2374
TALK2,2375
TALKDIRTY,2376
TALL1,2377
TALL2,2378
TAN,2379
TANKTOP,2380
TAPE,2381
TASTE,2382
TEA,2383
TEACH1,2384
TEACH2,2385
TEACHER,2386
TEAM,2387
TEAR,2388
TEARRIP1,2389
TEARRIP2,2390
TEASE,2391
TECHNOLOGY,2392
TEENAGER,2393
TEETH,2394
TELL,2395
TEMPERBLOWUP,2396
TEMPORARY,2397
TEMPTATION,2398
TENDENCY,2399
TENDYOUR,2400
TENNIS,2401
TENT,2402
TEST,2403
TEXT,2404
THAN,2405
THANKSGIVING,2406
THANKYOU,2407
THAT,2408
THEATRE,2409
THEN,2410
THEORY,2411
THERAPY,2412
THERE,2413
THERMOMETER,2414
THESE,2415
THEY1,2416
THEY2,2417
THIEF1,2418
THIEF2,2419
THIN,2420
THINGS,2421
THINK,2422
THINKCHIN,2423
THINKCONNECT,2424
THINKEXPAND,2425
THINKOBSESS,2426
THINKOVER,2427
THINKPENETRATE,2428
THINKPONDER,2429
THIRD1,2430
THIRD2,2431
THIRSTY,2432
THIS/IT,2433
THOUGHTDISAPPEAR,2434
THREE,2435
THRILLED,2436
THROW1,2437
THROW2,2438
THROWAWAY,2439
THUNDER,2440
THURSDAY,2441
TICKET,2442
TICKLE,2443
TIE1,2444
TIE2,2445
TIEUP1,2446
TIEUP2,2447
TIGER,2448
TIME,2449
TIMEOUT,2450
TIMEPROGRESS,2451
TIMETOTIME,2452
TINY,2453
TIRED,2454
TIREDOF,2455
TISSUE,2456
TO,2457
TOAGOAL,2458
TOAST,2459
TOBACCO,2460
TODAY,2461
TOGETHER,2462
TOILET,2463
TOMATO,2464
TOMORROW,2465
TONGUE,2466
TOOMUCH,2467
TOOTHBRUSH,2468
TOOTHBRUSH-CA,2469
TOP,2470
TOPIC,2471
TORNADO,2472
TOSS,2473
TOSSOUT,2474
TOTAL,2475
TOUCH,2476
TOUGH,2477
TOURNAMENT,2478
TOW1,2479
TOW2,2480
TOW3,2481
TOWEL,2482
TOY1,2483
TOY2,2484
TOY3,2485
TRACTOR,2486
TRADITION,2487
TRAFFIC,2488
TRAIN,2489
TRANSFER,2490
TRANSGENDER,2491
TRANSLATE,2492
TRASH,2493
TRAVEL,2494
TREE,2495
TRIANGLE,2496
TRIM1,2497
TRIM2,2498
TRIP1,2499
TRIP2,2500
TRIPLE,2501
TROPHY,2502
TROUBLE,2503
TRUCK1,2504
TRUCK2,2505
TRUE,2506
TRUEBUSINESS,2507
TRUTH,2508
TRY,2509
TTY,2510
TUBE,2511
TUBETOP,2512
TUESDAY,2513
TURBAN,2514
TURKEY1,2515
TURKEY2,2516
TURN,2517
TURNAROUND,2518
TURNKEY,2519
TURTLE,2520
TV,2521
TWINS1,2522
TWINS2,2523
TWIRL,2524
TWO,2525
TWOMORE,2526
TWOOFUS,2527
TWOWEEKS,2528
TYPE1,2529
TYPE2,2530
UDDER,2531
UGLY,2532
UMBRELLA,2533
UNAWARE,2534
UNCERTAIN,2535
UNCLE,2536
UNDER,2537
UNDERGRADUATE,2538
UNDERSTAND,2539
UNDERWEAR1,2540
UNDERWEAR2,2541
UNICORN,2542
UNIQUE,2543
UNIVERSE,2544
UNIVERSITY,2545
UNTIL,2546
UP,2547
UPLOAD,2548
UPSET1,2549
UPSET2,2550
US,2551
USE,2552
VACATION,2553
VACUUM,2554
VAGINA,2555
VAIN,2556
VALIDATE,2557
VALLEY,2558
VALUE,2559
VAMPIRE,2560
VANILLA,2561
VANISH,2562
VASE,2563
VEGETABLE,2564
VERB,2565
VERY,2566
VERYINTERESTED,2567
VEST,2568
VIBRATE,2569
VIDEOCAMERA1,2570
VIDEOCAMERA2,2571
VIDEOGAME,2572
VIDEOPHONE,2573
VIEW,2574
VILLAGE,2575
VIOLIN,2576
VISION,2577
VISIT,2578
VISITOR,2579
VISUALIZE,2580
VITAMINS,2581
VLOG,2582
VOCABULARY,2583
VOICE,2584
VOLLEYBALL,2585
VOLUNTEER,2586
VOMIT,2587
VOTE,2588
W.H.A.T,2589
WADE1,2590
WADE2,2591
WAIT,2592
WAITER,2593
WALK-TIGHTROPE-CL,2594
WALK1,2595
WALK2,2596
WALL,2597
WALLET,2598
WALRUS,2599
WAND,2600
WANDER,2601
WANT1,2602
WANT2,2603
WAR,2604
WARM,2605
WARN,2606
WASH1,2607
WASH2,2608
WASHDISHES,2609
WASHFACE1,2610
WASHFACE2,2611
WASHHANDS,2612
WASHMACHINE,2613
WASTE,2614
WATCH,2615
WATER,2616
WATERDROP,2617
WATERSKI,2618
WAVE,2619
WAY,2620
WE,2621
WEAK,2622
WEAR,2623
WEATHER,2624
WEAVE,2625
WEDDING,2626
WEDNESDAY,2627
WEEK,2628
WEEKEND,2629
WEIGH,2630
WEIGHT,2631
WEIRD,2632
WELCOME1,2633
WELCOME2,2634
WELL,2635
WEST,2636
WET,2637
WEWILLSEE,2638
WHALE,2639
WHAT1,2640
WHAT2,2641
WHATEVER,2642
WHATFOR1,2643
WHATFOR2,2644
WHATFOR3,2645
WHEEL,2646
WHEELBARROW,2647
WHEELCHAIR,2648
WHEN,2649
WHERE,2650
WHICH,2651
WHILE,2652
WHIP,2653
WHISPER,2654
WHISTLE1,2655
WHISTLE2,2656
WHITE,2657
WHITEPERSON,2658
WHO,2659
WHOLE,2660
WHY,2661
WHYNOT,2662
WIDE,2663
WIFE,2664
WILL,2665
WILLGO,2666
WIN,2667
WIND,2668
WINDMILL1,2669
WINDMILL2,2670
WINDMILL3,2671
WINDOW,2672
WINDOWOPEN,2673
WINDY,2674
WINE,2675
WINK,2676
WINTER,2677
WISE,2678
WISH,2679
WITCH1,2680
WITCH2,2681
WITH,2682
WITHOUT,2683
WOLF,2684
WOMAN1,2685
WOMAN2,2686
WONDER,2687
WOOD,2688
WORD,2689
WORK,2690
WORKOUT,2691
WORKSHOP,2692
WORLD,2693
WORM,2694
WORRY,2695
WORSE,2696
WOW,2697
WRAP,2698
WRAPUP1,2699
WRAPUP2,2700
WRESTLE,2701
WRING,2702
WRISTWATCH1,2703
WRISTWATCH2,2704
WRISTWATCH3,2705
WRITE,2706
WRITEONWALL,2707
WRONG,2708
YAWN1,2709
YAWN2,2710
YAWN3,2711
YAWN4,2712
YAY,2713
YEAH,2714
YEAR,2715
YELLOW,2716
YES,2717
YESTERDAY,2718
YOU,2719
YOUNG,2720
YOUR,2721
YOURSELF,2722
YOYO,2723
YUCKY,2724
ZEBRA,2725
ZERO,2726
ZIPPER,2727
ZOO,2728
ZOOMIN,2729
ZOOMOFF,2730
